Pilote,race_name,weather,prediction_win
Charles Leclerc,Bahrain Grand Prix,1.0,0.8902423370801649
Charles Leclerc,Bahrain Grand Prix,3.0,0.6753727250587063
Charles Leclerc,Bahrain Grand Prix,2.0,0.8042234104884939
Charles Leclerc,Saudi Arabian Grand Prix,1.0,0.8251259115640377
Charles Leclerc,Saudi Arabian Grand Prix,3.0,0.5475652247576417
Charles Leclerc,Saudi Arabian Grand Prix,2.0,0.7049857387919449
Charles Leclerc,Australian Grand Prix,1.0,0.8692224900286069
Charles Leclerc,Australian Grand Prix,3.0,0.6302920334636006
Charles Leclerc,Australian Grand Prix,2.0,0.7709681068608581
Charles Leclerc,Emilia Romagna Grand Prix,1.0,0.4194761622417429
Charles Leclerc,Emilia Romagna Grand Prix,3.0,0.15636116880183282
Charles Leclerc,Emilia Romagna Grand Prix,2.0,0.26791241066262517
Charles Leclerc,Spanish Grand Prix,1.0,0.00557928413281783
Charles Leclerc,Spanish Grand Prix,3.0,0.0014370400997211208
Charles Leclerc,Spanish Grand Prix,2.0,0.002833469670641464
Charles Leclerc,Monaco Grand Prix,1.0,0.8583747895095168
Charles Leclerc,Monaco Grand Prix,3.0,0.6085508417705944
Charles Leclerc,Monaco Grand Prix,2.0,0.7542743918506838
Charles Leclerc,Azerbaijan Grand Prix,1.0,0.9501948907975595
Charles Leclerc,Azerbaijan Grand Prix,3.0,0.8303229421082847
Charles Leclerc,Azerbaijan Grand Prix,2.0,0.9062117689588279
Charles Leclerc,Canadian Grand Prix,1.0,0.8452313287956117
Charles Leclerc,Canadian Grand Prix,3.0,0.5834730250949045
Charles Leclerc,Canadian Grand Prix,2.0,0.7344586051337696
Charles Leclerc,British Grand Prix,1.0,0.0002824455957831651
Charles Leclerc,British Grand Prix,3.0,7.246213676692648e-05
Charles Leclerc,British Grand Prix,2.0,0.00014306648621131846
Charles Leclerc,Austrian Grand Prix,1.0,0.0
Charles Leclerc,Austrian Grand Prix,3.0,0.0
Charles Leclerc,Austrian Grand Prix,2.0,0.0
Charles Leclerc,French Grand Prix,1.0,1.8047785488306545e-12
Charles Leclerc,French Grand Prix,3.0,4.629630012686903e-13
Charles Leclerc,French Grand Prix,2.0,9.141576384763539e-13
Charles Leclerc,Hungarian Grand Prix,1.0,1.5703548639223186e-07
Charles Leclerc,Hungarian Grand Prix,3.0,4.027939815021142e-08
Charles Leclerc,Hungarian Grand Prix,2.0,7.95317239843385e-08
Charles Leclerc,Belgian Grand Prix,1.0,1.4754197863453555e-11
Charles Leclerc,Belgian Grand Prix,3.0,3.784528246342234e-12
Charles Leclerc,Belgian Grand Prix,2.0,7.472245044937154e-12
Charles Leclerc,Dutch Grand Prix,1.0,0.8569272253934941
Charles Leclerc,Dutch Grand Prix,3.0,0.6057226913388245
Charles Leclerc,Dutch Grand Prix,2.0,0.7520701356994705
Charles Leclerc,Italian Grand Prix,1.0,0.00015412100301681608
Charles Leclerc,Italian Grand Prix,3.0,3.9536362812730985e-05
Charles Leclerc,Italian Grand Prix,2.0,7.80615952102881e-05
Charles Leclerc,Singapore Grand Prix,1.0,0.7775236905532783
Charles Leclerc,Singapore Grand Prix,3.0,0.47269262292095915
Charles Leclerc,Singapore Grand Prix,2.0,0.6389887191221588
Charles Leclerc,Japanese Grand Prix,1.0,0.38313250991715253
Charles Leclerc,Japanese Grand Prix,3.0,0.13741772926906815
Charles Leclerc,Japanese Grand Prix,2.0,0.23928759278655387
Charles Leclerc,United States Grand Prix,1.0,0.00024183049569970194
Charles Leclerc,United States Grand Prix,3.0,6.204035557577647e-05
Charles Leclerc,United States Grand Prix,2.0,0.0001224913618347312
Charles Leclerc,Mexico City Grand Prix,1.0,0.0
Charles Leclerc,Mexico City Grand Prix,3.0,0.0
Charles Leclerc,Mexico City Grand Prix,2.0,0.0
Charles Leclerc,Brazilian Grand Prix,1.0,0.0
Charles Leclerc,Brazilian Grand Prix,3.0,0.0
Charles Leclerc,Brazilian Grand Prix,2.0,0.0
Charles Leclerc,Abu Dhabi Grand Prix,1.0,0.8801502218005861
Charles Leclerc,Abu Dhabi Grand Prix,3.0,0.6532196116796234
Charles Leclerc,Abu Dhabi Grand Prix,2.0,0.7881045206815032
Carlos Sainz,Bahrain Grand Prix,1.0,0.8902423370801649
Carlos Sainz,Bahrain Grand Prix,3.0,0.6753727250587063
Carlos Sainz,Bahrain Grand Prix,2.0,0.8042234104884939
Carlos Sainz,Saudi Arabian Grand Prix,1.0,0.8251259115640377
Carlos Sainz,Saudi Arabian Grand Prix,3.0,0.5475652247576417
Carlos Sainz,Saudi Arabian Grand Prix,2.0,0.7049857387919449
Carlos Sainz,Australian Grand Prix,1.0,0.8692224900286069
Carlos Sainz,Australian Grand Prix,3.0,0.6302920334636006
Carlos Sainz,Australian Grand Prix,2.0,0.7709681068608581
Carlos Sainz,Emilia Romagna Grand Prix,1.0,0.4194761622417429
Carlos Sainz,Emilia Romagna Grand Prix,3.0,0.15636116880183282
Carlos Sainz,Emilia Romagna Grand Prix,2.0,0.26791241066262517
Carlos Sainz,Spanish Grand Prix,1.0,0.00557928413281783
Carlos Sainz,Spanish Grand Prix,3.0,0.0014370400997211208
Carlos Sainz,Spanish Grand Prix,2.0,0.002833469670641464
Carlos Sainz,Monaco Grand Prix,1.0,0.8583747895095168
Carlos Sainz,Monaco Grand Prix,3.0,0.6085508417705944
Carlos Sainz,Monaco Grand Prix,2.0,0.7542743918506838
Carlos Sainz,Azerbaijan Grand Prix,1.0,0.9501948907975595
Carlos Sainz,Azerbaijan Grand Prix,3.0,0.8303229421082847
Carlos Sainz,Azerbaijan Grand Prix,2.0,0.9062117689588279
Carlos Sainz,Canadian Grand Prix,1.0,0.8452313287956117
Carlos Sainz,Canadian Grand Prix,3.0,0.5834730250949045
Carlos Sainz,Canadian Grand Prix,2.0,0.7344586051337696
Carlos Sainz,British Grand Prix,1.0,0.0002824455957831651
Carlos Sainz,British Grand Prix,3.0,7.246213676692648e-05
Carlos Sainz,British Grand Prix,2.0,0.00014306648621131846
Carlos Sainz,Austrian Grand Prix,1.0,0.0
Carlos Sainz,Austrian Grand Prix,3.0,0.0
Carlos Sainz,Austrian Grand Prix,2.0,0.0
Carlos Sainz,French Grand Prix,1.0,1.8047785488306545e-12
Carlos Sainz,French Grand Prix,3.0,4.629630012686903e-13
Carlos Sainz,French Grand Prix,2.0,9.141576384763539e-13
Carlos Sainz,Hungarian Grand Prix,1.0,1.5703548639223186e-07
Carlos Sainz,Hungarian Grand Prix,3.0,4.027939815021142e-08
Carlos Sainz,Hungarian Grand Prix,2.0,7.95317239843385e-08
Carlos Sainz,Belgian Grand Prix,1.0,1.4754197863453555e-11
Carlos Sainz,Belgian Grand Prix,3.0,3.784528246342234e-12
Carlos Sainz,Belgian Grand Prix,2.0,7.472245044937154e-12
Carlos Sainz,Dutch Grand Prix,1.0,0.8569272253934941
Carlos Sainz,Dutch Grand Prix,3.0,0.6057226913388245
Carlos Sainz,Dutch Grand Prix,2.0,0.7520701356994705
Carlos Sainz,Italian Grand Prix,1.0,0.00015412100301681608
Carlos Sainz,Italian Grand Prix,3.0,3.9536362812730985e-05
Carlos Sainz,Italian Grand Prix,2.0,7.80615952102881e-05
Carlos Sainz,Singapore Grand Prix,1.0,0.7775236905532783
Carlos Sainz,Singapore Grand Prix,3.0,0.47269262292095915
Carlos Sainz,Singapore Grand Prix,2.0,0.6389887191221588
Carlos Sainz,Japanese Grand Prix,1.0,0.38313250991715253
Carlos Sainz,Japanese Grand Prix,3.0,0.13741772926906815
Carlos Sainz,Japanese Grand Prix,2.0,0.23928759278655387
Carlos Sainz,United States Grand Prix,1.0,0.00024183049569970194
Carlos Sainz,United States Grand Prix,3.0,6.204035557577647e-05
Carlos Sainz,United States Grand Prix,2.0,0.0001224913618347312
Carlos Sainz,Mexico City Grand Prix,1.0,0.0
Carlos Sainz,Mexico City Grand Prix,3.0,0.0
Carlos Sainz,Mexico City Grand Prix,2.0,0.0
Carlos Sainz,Brazilian Grand Prix,1.0,0.0
Carlos Sainz,Brazilian Grand Prix,3.0,0.0
Carlos Sainz,Brazilian Grand Prix,2.0,0.0
Carlos Sainz,Abu Dhabi Grand Prix,1.0,0.8801502218005861
Carlos Sainz,Abu Dhabi Grand Prix,3.0,0.6532196116796234
Carlos Sainz,Abu Dhabi Grand Prix,2.0,0.7881045206815032
Lewis Hamilton,Bahrain Grand Prix,1.0,0.8862460549458021
Lewis Hamilton,Bahrain Grand Prix,3.0,0.6664839548266328
Lewis Hamilton,Bahrain Grand Prix,2.0,0.7978065099183258
Lewis Hamilton,Saudi Arabian Grand Prix,1.0,0.8192401365033372
Lewis Hamilton,Saudi Arabian Grand Prix,3.0,0.5375730404854389
Lewis Hamilton,Saudi Arabian Grand Prix,2.0,0.6965434885188045
Lewis Hamilton,Australian Grand Prix,1.0,0.8645772959236583
Lewis Hamilton,Australian Grand Prix,3.0,0.6208618368006364
Lewis Hamilton,Australian Grand Prix,2.0,0.7637813658076393
Lewis Hamilton,Emilia Romagna Grand Prix,1.0,0.40970473469794566
Lewis Hamilton,Emilia Romagna Grand Prix,3.0,0.15112329592808205
Lewis Hamilton,Emilia Romagna Grand Prix,2.0,0.26008977158137503
Lewis Hamilton,Spanish Grand Prix,1.0,0.00536029341771449
Lewis Hamilton,Spanish Grand Prix,3.0,0.0013804095993692478
Lewis Hamilton,Spanish Grand Prix,2.0,0.002721959044361233
Lewis Hamilton,Monaco Grand Prix,1.0,0.8534092676436555
Lewis Hamilton,Monaco Grand Prix,3.0,0.5989189762015823
Lewis Hamilton,Monaco Grand Prix,2.0,0.7467359007672321
Lewis Hamilton,Azerbaijan Grand Prix,1.0,0.9482546044298413
Lewis Hamilton,Azerbaijan Grand Prix,3.0,0.8245748964450048
Lewis Hamilton,Azerbaijan Grand Prix,2.0,0.9027334065064512
Lewis Hamilton,Canadian Grand Prix,1.0,0.8398909393907874
Lewis Hamilton,Canadian Grand Prix,3.0,0.5736564056525119
Lewis Hamilton,Canadian Grand Prix,2.0,0.726532600638694
Lewis Hamilton,British Grand Prix,1.0,0.00027130269160025033
Lewis Hamilton,British Grand Prix,3.0,6.960281956225334e-05
Lewis Hamilton,British Grand Prix,2.0,0.00013742154198315149
Lewis Hamilton,Austrian Grand Prix,1.0,0.0
Lewis Hamilton,Austrian Grand Prix,3.0,0.0
Lewis Hamilton,Austrian Grand Prix,2.0,0.0
Lewis Hamilton,French Grand Prix,1.0,1.7337242752546445e-12
Lewis Hamilton,French Grand Prix,3.0,4.447553436648377e-13
Lewis Hamilton,French Grand Prix,2.0,8.779643678735738e-13
Lewis Hamilton,Hungarian Grand Prix,1.0,1.5083851956365635e-07
Lewis Hamilton,Hungarian Grand Prix,3.0,3.868988407429441e-08
Lewis Hamilton,Hungarian Grand Prix,2.0,7.639322630037526e-08
Lewis Hamilton,Belgian Grand Prix,1.0,1.4171996909340123e-11
Lewis Hamilton,Belgian Grand Prix,3.0,3.6350922272276875e-12
Lewis Hamilton,Belgian Grand Prix,2.0,7.177369809596712e-12
Lewis Hamilton,Dutch Grand Prix,1.0,0.8519197060087286
Lewis Hamilton,Dutch Grand Prix,3.0,0.5960674274272699
Lewis Hamilton,Dutch Grand Prix,2.0,0.7444869289739309
Lewis Hamilton,Italian Grand Prix,1.0,0.00014803994762679906
Lewis Hamilton,Italian Grand Prix,3.0,3.797622971468684e-05
Lewis Hamilton,Italian Grand Prix,2.0,7.498134293559833e-05
Lewis Hamilton,Singapore Grand Prix,1.0,0.7704814166028879
Lewis Hamilton,Singapore Grand Prix,3.0,0.46266953078448314
Lewis Hamilton,Singapore Grand Prix,2.0,0.6296500075704277
Lewis Hamilton,Japanese Grand Prix,1.0,0.37366275647771163
Lewis Hamilton,Japanese Grand Prix,3.0,0.13271460742893282
Lewis Hamilton,Japanese Grand Prix,2.0,0.2320358471989502
Lewis Hamilton,United States Grand Prix,1.0,0.00023228954608200958
Lewis Hamilton,United States Grand Prix,3.0,5.959225178087113e-05
Lewis Hamilton,United States Grand Prix,2.0,0.00011765815042563688
Lewis Hamilton,Mexico City Grand Prix,1.0,0.0
Lewis Hamilton,Mexico City Grand Prix,3.0,0.0
Lewis Hamilton,Mexico City Grand Prix,2.0,0.0
Lewis Hamilton,Brazilian Grand Prix,1.0,0.0
Lewis Hamilton,Brazilian Grand Prix,3.0,0.0
Lewis Hamilton,Brazilian Grand Prix,2.0,0.0
Lewis Hamilton,Abu Dhabi Grand Prix,1.0,0.8758377341704343
Lewis Hamilton,Abu Dhabi Grand Prix,3.0,0.6440439579796637
Lewis Hamilton,Abu Dhabi Grand Prix,2.0,0.7813029668394443
George Russell,Bahrain Grand Prix,1.0,0.8862460549458021
George Russell,Bahrain Grand Prix,3.0,0.6664839548266328
George Russell,Bahrain Grand Prix,2.0,0.7978065099183258
George Russell,Saudi Arabian Grand Prix,1.0,0.8192401365033372
George Russell,Saudi Arabian Grand Prix,3.0,0.5375730404854389
George Russell,Saudi Arabian Grand Prix,2.0,0.6965434885188045
George Russell,Australian Grand Prix,1.0,0.8645772959236583
George Russell,Australian Grand Prix,3.0,0.6208618368006364
George Russell,Australian Grand Prix,2.0,0.7637813658076393
George Russell,Emilia Romagna Grand Prix,1.0,0.40970473469794566
George Russell,Emilia Romagna Grand Prix,3.0,0.15112329592808205
George Russell,Emilia Romagna Grand Prix,2.0,0.26008977158137503
George Russell,Spanish Grand Prix,1.0,0.00536029341771449
George Russell,Spanish Grand Prix,3.0,0.0013804095993692478
George Russell,Spanish Grand Prix,2.0,0.002721959044361233
George Russell,Monaco Grand Prix,1.0,0.8534092676436555
George Russell,Monaco Grand Prix,3.0,0.5989189762015823
George Russell,Monaco Grand Prix,2.0,0.7467359007672321
George Russell,Azerbaijan Grand Prix,1.0,0.9482546044298413
George Russell,Azerbaijan Grand Prix,3.0,0.8245748964450048
George Russell,Azerbaijan Grand Prix,2.0,0.9027334065064512
George Russell,Canadian Grand Prix,1.0,0.8398909393907874
George Russell,Canadian Grand Prix,3.0,0.5736564056525119
George Russell,Canadian Grand Prix,2.0,0.726532600638694
George Russell,British Grand Prix,1.0,0.00027130269160025033
George Russell,British Grand Prix,3.0,6.960281956225334e-05
George Russell,British Grand Prix,2.0,0.00013742154198315149
George Russell,Austrian Grand Prix,1.0,0.0
George Russell,Austrian Grand Prix,3.0,0.0
George Russell,Austrian Grand Prix,2.0,0.0
George Russell,French Grand Prix,1.0,1.7337242752546445e-12
George Russell,French Grand Prix,3.0,4.447553436648377e-13
George Russell,French Grand Prix,2.0,8.779643678735738e-13
George Russell,Hungarian Grand Prix,1.0,1.5083851956365635e-07
George Russell,Hungarian Grand Prix,3.0,3.868988407429441e-08
George Russell,Hungarian Grand Prix,2.0,7.639322630037526e-08
George Russell,Belgian Grand Prix,1.0,1.4171996909340123e-11
George Russell,Belgian Grand Prix,3.0,3.6350922272276875e-12
George Russell,Belgian Grand Prix,2.0,7.177369809596712e-12
George Russell,Dutch Grand Prix,1.0,0.8519197060087286
George Russell,Dutch Grand Prix,3.0,0.5960674274272699
George Russell,Dutch Grand Prix,2.0,0.7444869289739309
George Russell,Italian Grand Prix,1.0,0.00014803994762679906
George Russell,Italian Grand Prix,3.0,3.797622971468684e-05
George Russell,Italian Grand Prix,2.0,7.498134293559833e-05
George Russell,Singapore Grand Prix,1.0,0.7704814166028879
George Russell,Singapore Grand Prix,3.0,0.46266953078448314
George Russell,Singapore Grand Prix,2.0,0.6296500075704277
George Russell,Japanese Grand Prix,1.0,0.37366275647771163
George Russell,Japanese Grand Prix,3.0,0.13271460742893282
George Russell,Japanese Grand Prix,2.0,0.2320358471989502
George Russell,United States Grand Prix,1.0,0.00023228954608200958
George Russell,United States Grand Prix,3.0,5.959225178087113e-05
George Russell,United States Grand Prix,2.0,0.00011765815042563688
George Russell,Mexico City Grand Prix,1.0,0.0
George Russell,Mexico City Grand Prix,3.0,0.0
George Russell,Mexico City Grand Prix,2.0,0.0
George Russell,Brazilian Grand Prix,1.0,0.0
George Russell,Brazilian Grand Prix,3.0,0.0
George Russell,Brazilian Grand Prix,2.0,0.0
George Russell,Abu Dhabi Grand Prix,1.0,0.8758377341704343
George Russell,Abu Dhabi Grand Prix,3.0,0.6440439579796637
George Russell,Abu Dhabi Grand Prix,2.0,0.7813029668394443
Kevin Magnussen,Bahrain Grand Prix,1.0,0.8657030197739358
Kevin Magnussen,Bahrain Grand Prix,3.0,0.6231303843343591
Kevin Magnussen,Bahrain Grand Prix,2.0,0.7655177301614365
Kevin Magnussen,Australian Grand Prix,1.0,0.840823898317969
Kevin Magnussen,Australian Grand Prix,3.0,0.5753563638089901
Kevin Magnussen,Australian Grand Prix,2.0,0.7279121145241396
Kevin Magnussen,Emilia Romagna Grand Prix,1.0,0.3647851566394378
Kevin Magnussen,Emilia Romagna Grand Prix,3.0,0.12838810462591643
Kevin Magnussen,Emilia Romagna Grand Prix,2.0,0.22531263730789997
Kevin Magnussen,Spanish Grand Prix,1.0,0.004439206963166131
Kevin Magnussen,Spanish Grand Prix,3.0,0.001142421310065922
Kevin Magnussen,Spanish Grand Prix,2.0,0.0022532039769722623
Kevin Magnussen,Monaco Grand Prix,1.0,0.8280864853363789
Kevin Magnussen,Monaco Grand Prix,3.0,0.552677360536282
Kevin Magnussen,Monaco Grand Prix,2.0,0.7092635873098523
Kevin Magnussen,Azerbaijan Grand Prix,1.0,0.9381280190527355
Kevin Magnussen,Azerbaijan Grand Prix,3.0,0.7954649116160595
Kevin Magnussen,Azerbaijan Grand Prix,2.0,0.8847807556747855
Kevin Magnussen,Canadian Grand Prix,1.0,0.8127453295943851
Kevin Magnussen,Canadian Grand Prix,3.0,0.5268033935421768
Kevin Magnussen,Canadian Grand Prix,2.0,0.6873227242261688
Kevin Magnussen,British Grand Prix,1.0,0.0002244860080036215
Kevin Magnussen,British Grand Prix,3.0,5.75899746964037e-05
Kevin Magnussen,British Grand Prix,2.0,0.00011370510299457681
Kevin Magnussen,Austrian Grand Prix,1.0,0.0
Kevin Magnussen,Austrian Grand Prix,3.0,0.0
Kevin Magnussen,Austrian Grand Prix,2.0,0.0
Kevin Magnussen,French Grand Prix,1.0,1.4344081478157023e-12
Kevin Magnussen,French Grand Prix,3.0,3.679279103607769e-13
Kevin Magnussen,French Grand Prix,2.0,7.265299473147024e-13
Kevin Magnussen,Hungarian Grand Prix,1.0,1.248035992329477e-07
Kevin Magnussen,Hungarian Grand Prix,3.0,3.20119603047786e-08
Kevin Magnussen,Hungarian Grand Prix,2.0,6.320765755241098e-08
Kevin Magnussen,Belgian Grand Prix,1.0,1.1725731496881053e-11
Kevin Magnussen,Belgian Grand Prix,3.0,3.007594173709549e-12
Kevin Magnussen,Belgian Grand Prix,2.0,5.938582958719962e-12
Kevin Magnussen,Italian Grand Prix,1.0,0.00012249119097773598
Kevin Magnussen,Italian Grand Prix,3.0,3.142168928427225e-05
Kevin Magnussen,Italian Grand Prix,2.0,6.204026903344761e-05
Kevin Magnussen,Singapore Grand Prix,1.0,0.7352769308219909
Kevin Magnussen,Singapore Grand Prix,3.0,0.41603568218974774
Kevin Magnussen,Singapore Grand Prix,2.0,0.5844934140900715
Kevin Magnussen,Japanese Grand Prix,1.0,0.33048243875583017
Kevin Magnussen,Japanese Grand Prix,3.0,0.1123822012774166
Kevin Magnussen,Japanese Grand Prix,2.0,0.199995934379938
Kevin Magnussen,United States Grand Prix,1.0,0.00019220377595385862
Kevin Magnussen,United States Grand Prix,3.0,4.930705916639244e-05
Kevin Magnussen,United States Grand Prix,2.0,9.735217843087618e-05
Kevin Magnussen,Brazilian Grand Prix,1.0,0.0
Kevin Magnussen,Brazilian Grand Prix,3.0,0.0
Kevin Magnussen,Brazilian Grand Prix,2.0,0.0
Kevin Magnussen,Abu Dhabi Grand Prix,1.0,0.8537252782453493
Kevin Magnussen,Abu Dhabi Grand Prix,3.0,0.5995261559074014
Kevin Magnussen,Abu Dhabi Grand Prix,2.0,0.7472137550551144
Valtteri Bottas,Bahrain Grand Prix,1.0,0.8883457861713558
Valtteri Bottas,Bahrain Grand Prix,3.0,0.6711349057009076
Valtteri Bottas,Bahrain Grand Prix,2.0,0.8011724654708972
Valtteri Bottas,Saudi Arabian Grand Prix,1.0,0.8223287436248501
Valtteri Bottas,Saudi Arabian Grand Prix,3.0,0.542788456320678
Valtteri Bottas,Saudi Arabian Grand Prix,2.0,0.7009633326557569
Valtteri Bottas,Australian Grand Prix,1.0,0.8670169838629518
Valtteri Bottas,Australian Grand Prix,3.0,0.625791787246907
Valtteri Bottas,Australian Grand Prix,2.0,0.7675487099400811
Valtteri Bottas,Emilia Romagna Grand Prix,1.0,0.4147923614568231
Valtteri Bottas,Emilia Romagna Grand Prix,3.0,0.15383673365109563
Valtteri Bottas,Emilia Romagna Grand Prix,2.0,0.26415089616284493
Valtteri Bottas,Spanish Grand Prix,1.0,0.005473413375567282
Valtteri Bottas,Spanish Grand Prix,3.0,0.0014096598509051317
Valtteri Bottas,Spanish Grand Prix,2.0,0.002779556995241461
Valtteri Bottas,Monaco Grand Prix,1.0,0.8560166451650344
Valtteri Bottas,Monaco Grand Prix,3.0,0.6039522424702155
Valtteri Bottas,Monaco Grand Prix,2.0,0.7506863578534542
Valtteri Bottas,Azerbaijan Grand Prix,1.0,0.9492752596627156
Valtteri Bottas,Azerbaijan Grand Prix,3.0,0.8275915328876684
Valtteri Bottas,Azerbaijan Grand Prix,2.0,0.9045615784349001
Valtteri Bottas,Canadian Grand Prix,1.0,0.8426944437312947
Valtteri Bottas,Canadian Grand Prix,3.0,0.5787837354596059
Valtteri Bottas,Canadian Grand Prix,2.0,0.7306845368272104
Valtteri Bottas,British Grand Prix,1.0,0.0002770579925051031
Valtteri Bottas,British Grand Prix,3.0,7.107964864494498e-05
Valtteri Bottas,British Grand Prix,2.0,0.00014033714331040947
Valtteri Bottas,Austrian Grand Prix,1.0,0.0
Valtteri Bottas,Austrian Grand Prix,3.0,0.0
Valtteri Bottas,Austrian Grand Prix,2.0,0.0
Valtteri Bottas,French Grand Prix,1.0,1.7703616350672746e-12
Valtteri Bottas,French Grand Prix,3.0,4.54081217071689e-13
Valtteri Bottas,French Grand Prix,2.0,8.966161146872764e-13
Valtteri Bottas,Hungarian Grand Prix,1.0,1.540392304821836e-07
Valtteri Bottas,Hungarian Grand Prix,3.0,3.951086235964851e-08
Valtteri Bottas,Hungarian Grand Prix,2.0,7.801424917186495e-08
Valtteri Bottas,Belgian Grand Prix,1.0,1.4472645304408616e-11
Valtteri Bottas,Belgian Grand Prix,3.0,3.7121417051366734e-12
Valtteri Bottas,Belgian Grand Prix,2.0,7.329692408575283e-12
Valtteri Bottas,Dutch Grand Prix,1.0,0.85454906244372
Valtteri Bottas,Dutch Grand Prix,3.0,0.6011126453819838
Valtteri Bottas,Dutch Grand Prix,2.0,0.7484606491985264
Valtteri Bottas,Italian Grand Prix,1.0,0.00015118080007603396
Valtteri Bottas,Italian Grand Prix,3.0,3.8782033450202036e-05
Valtteri Bottas,Italian Grand Prix,2.0,7.657228451407594e-05
Valtteri Bottas,Singapore Grand Prix,1.0,0.7741734986903198
Valtteri Bottas,Singapore Grand Prix,3.0,0.4678935372694685
Valtteri Bottas,Singapore Grand Prix,2.0,0.6345329512256908
Valtteri Bottas,Japanese Grand Prix,1.0,0.37858986827847796
Valtteri Bottas,Japanese Grand Prix,3.0,0.13515013875925508
Valtteri Bottas,Japanese Grand Prix,2.0,0.235798526710695
Valtteri Bottas,United States Grand Prix,1.0,0.00023721743494420355
Valtteri Bottas,United States Grand Prix,3.0,6.0856690072941255e-05
Valtteri Bottas,United States Grand Prix,2.0,0.00012015449255020627
Valtteri Bottas,Mexico City Grand Prix,1.0,0.0
Valtteri Bottas,Mexico City Grand Prix,3.0,0.0
Valtteri Bottas,Mexico City Grand Prix,2.0,0.0
Valtteri Bottas,Brazilian Grand Prix,1.0,0.0
Valtteri Bottas,Brazilian Grand Prix,3.0,0.0
Valtteri Bottas,Brazilian Grand Prix,2.0,0.0
Valtteri Bottas,Abu Dhabi Grand Prix,1.0,0.8781031626908729
Valtteri Bottas,Abu Dhabi Grand Prix,3.0,0.6488429625174278
Valtteri Bottas,Abu Dhabi Grand Prix,2.0,0.784869576482738
Esteban Ocon,Bahrain Grand Prix,1.0,0.8265885023277594
Esteban Ocon,Bahrain Grand Prix,3.0,0.5500834382751127
Esteban Ocon,Bahrain Grand Prix,2.0,0.7070964541628997
Esteban Ocon,Saudi Arabian Grand Prix,1.0,0.7349512801768794
Esteban Ocon,Saudi Arabian Grand Prix,3.0,0.4156294314105935
Esteban Ocon,Saudi Arabian Grand Prix,2.0,0.5840871979247646
Esteban Ocon,Australian Grand Prix,1.0,0.7961693512142846
Esteban Ocon,Australian Grand Prix,3.0,0.5004726554615859
Esteban Ocon,Australian Grand Prix,2.0,0.664230992005588
Esteban Ocon,Emilia Romagna Grand Prix,1.0,0.29807040608635615
Esteban Ocon,Emilia Romagna Grand Prix,3.0,0.0982222626117395
Esteban Ocon,Emilia Romagna Grand Prix,2.0,0.1769981331684205
Esteban Ocon,Spanish Grand Prix,1.0,0.0032863725172137537
Esteban Ocon,Spanish Grand Prix,3.0,0.0008450149098201409
Esteban Ocon,Spanish Grand Prix,2.0,0.0016671102901030244
Esteban Ocon,Monaco Grand Prix,1.0,0.7807902297888282
Esteban Ocon,Monaco Grand Prix,3.0,0.4774267546397316
Esteban Ocon,Monaco Grand Prix,2.0,0.6433563112625642
Esteban Ocon,Azerbaijan Grand Prix,1.0,0.918112254914332
Esteban Ocon,Azerbaijan Grand Prix,3.0,0.7419902103028924
Esteban Ocon,Azerbaijan Grand Prix,2.0,0.8502616158042282
Esteban Ocon,Canadian Grand Prix,1.0,0.7624392717675365
Esteban Ocon,Canadian Grand Prix,3.0,0.45151973325602046
Esteban Ocon,Canadian Grand Prix,2.0,0.6191126719937554
Esteban Ocon,British Grand Prix,1.0,0.00016600587780335463
Esteban Ocon,British Grand Prix,3.0,4.258554310165863e-05
Esteban Ocon,British Grand Prix,2.0,8.408172409946069e-05
Esteban Ocon,Austrian Grand Prix,1.0,0.0
Esteban Ocon,Austrian Grand Prix,3.0,0.0
Esteban Ocon,Austrian Grand Prix,2.0,0.0
Esteban Ocon,French Grand Prix,1.0,1.0607070777268746e-12
Esteban Ocon,French Grand Prix,3.0,2.7200464103316335e-13
Esteban Ocon,French Grand Prix,2.0,5.371258993136507e-13
Esteban Ocon,Hungarian Grand Prix,1.0,9.228601849375906e-08
Esteban Ocon,Hungarian Grand Prix,3.0,2.36712426326946e-08
Esteban Ocon,Hungarian Grand Prix,2.0,4.673890008355386e-08
Esteban Ocon,Belgian Grand Prix,1.0,8.670619777717548e-12
Esteban Ocon,Belgian Grand Prix,3.0,2.2239987629291136e-12
Esteban Ocon,Belgian Grand Prix,2.0,4.391376151602344e-12
Esteban Ocon,Dutch Grand Prix,1.0,0.7787540621480247
Esteban Ocon,Dutch Grand Prix,3.0,0.4744693643237895
Esteban Ocon,Dutch Grand Prix,2.0,0.6406311269594549
Esteban Ocon,Italian Grand Prix,1.0,9.057899629083543e-05
Esteban Ocon,Italian Grand Prix,3.0,2.3234956898154913e-05
Esteban Ocon,Italian Grand Prix,2.0,4.587641561648592e-05
Esteban Ocon,Singapore Grand Prix,1.0,0.672544094672294
Esteban Ocon,Singapore Grand Prix,3.0,0.3450391609157103
Esteban Ocon,Singapore Grand Prix,2.0,0.5098483193920635
Esteban Ocon,Japanese Grand Prix,1.0,0.2674003207903404
Esteban Ocon,Japanese Grand Prix,3.0,0.08560770889196812
Esteban Ocon,Japanese Grand Prix,2.0,0.1560168590605534
Esteban Ocon,United States Grand Prix,1.0,0.00014213219095848828
Esteban Ocon,United States Grand Prix,3.0,3.646057100792355e-05
Esteban Ocon,United States Grand Prix,2.0,7.198888980575191e-05
Esteban Ocon,Mexico City Grand Prix,1.0,0.0
Esteban Ocon,Mexico City Grand Prix,3.0,0.0
Esteban Ocon,Mexico City Grand Prix,2.0,0.0
Esteban Ocon,Brazilian Grand Prix,1.0,0.0
Esteban Ocon,Brazilian Grand Prix,3.0,0.0
Esteban Ocon,Brazilian Grand Prix,2.0,0.0
Esteban Ocon,Abu Dhabi Grand Prix,1.0,0.8118802718553874
Esteban Ocon,Abu Dhabi Grand Prix,3.0,0.5253887635854327
Esteban Ocon,Abu Dhabi Grand Prix,2.0,0.6861020339778654
Yuki Tsunoda,Bahrain Grand Prix,1.0,0.8902423370801649
Yuki Tsunoda,Bahrain Grand Prix,3.0,0.6753727250587063
Yuki Tsunoda,Bahrain Grand Prix,2.0,0.8042234104884939
Yuki Tsunoda,Saudi Arabian Grand Prix,1.0,0.8251259115640377
Yuki Tsunoda,Saudi Arabian Grand Prix,3.0,0.5475652247576417
Yuki Tsunoda,Saudi Arabian Grand Prix,2.0,0.7049857387919449
Yuki Tsunoda,Emilia Romagna Grand Prix,1.0,0.4194761622417429
Yuki Tsunoda,Emilia Romagna Grand Prix,3.0,0.15636116880183282
Yuki Tsunoda,Emilia Romagna Grand Prix,2.0,0.26791241066262517
Yuki Tsunoda,Spanish Grand Prix,1.0,0.00557928413281783
Yuki Tsunoda,Spanish Grand Prix,3.0,0.0014370400997211208
Yuki Tsunoda,Spanish Grand Prix,2.0,0.002833469670641464
Yuki Tsunoda,Monaco Grand Prix,1.0,0.8583747895095168
Yuki Tsunoda,Monaco Grand Prix,3.0,0.6085508417705944
Yuki Tsunoda,Monaco Grand Prix,2.0,0.7542743918506838
Yuki Tsunoda,Azerbaijan Grand Prix,1.0,0.9501948907975595
Yuki Tsunoda,Azerbaijan Grand Prix,3.0,0.8303229421082847
Yuki Tsunoda,Azerbaijan Grand Prix,2.0,0.9062117689588279
Yuki Tsunoda,British Grand Prix,1.0,0.0002824455957831651
Yuki Tsunoda,British Grand Prix,3.0,7.246213676692648e-05
Yuki Tsunoda,British Grand Prix,2.0,0.00014306648621131846
Yuki Tsunoda,Austrian Grand Prix,1.0,0.0
Yuki Tsunoda,Austrian Grand Prix,3.0,0.0
Yuki Tsunoda,Austrian Grand Prix,2.0,0.0
Yuki Tsunoda,French Grand Prix,1.0,1.8047785488306545e-12
Yuki Tsunoda,French Grand Prix,3.0,4.629630012686903e-13
Yuki Tsunoda,French Grand Prix,2.0,9.141576384763539e-13
Yuki Tsunoda,Hungarian Grand Prix,1.0,1.5703548639223186e-07
Yuki Tsunoda,Hungarian Grand Prix,3.0,4.027939815021142e-08
Yuki Tsunoda,Hungarian Grand Prix,2.0,7.95317239843385e-08
Yuki Tsunoda,Belgian Grand Prix,1.0,1.4754197863453555e-11
Yuki Tsunoda,Belgian Grand Prix,3.0,3.784528246342234e-12
Yuki Tsunoda,Belgian Grand Prix,2.0,7.472245044937154e-12
Yuki Tsunoda,Dutch Grand Prix,1.0,0.8569272253934941
Yuki Tsunoda,Dutch Grand Prix,3.0,0.6057226913388245
Yuki Tsunoda,Dutch Grand Prix,2.0,0.7520701356994705
Yuki Tsunoda,Italian Grand Prix,1.0,0.00015412100301681608
Yuki Tsunoda,Italian Grand Prix,3.0,3.9536362812730985e-05
Yuki Tsunoda,Italian Grand Prix,2.0,7.80615952102881e-05
Yuki Tsunoda,United States Grand Prix,1.0,0.00024183049569970194
Yuki Tsunoda,United States Grand Prix,3.0,6.204035557577647e-05
Yuki Tsunoda,United States Grand Prix,2.0,0.0001224913618347312
Yuki Tsunoda,Mexico City Grand Prix,1.0,0.0
Yuki Tsunoda,Mexico City Grand Prix,3.0,0.0
Yuki Tsunoda,Mexico City Grand Prix,2.0,0.0
Yuki Tsunoda,Abu Dhabi Grand Prix,1.0,0.8801502218005861
Yuki Tsunoda,Abu Dhabi Grand Prix,3.0,0.6532196116796234
Yuki Tsunoda,Abu Dhabi Grand Prix,2.0,0.7881045206815032
Fernando Alonso,Bahrain Grand Prix,1.0,0.8649093635661281
Fernando Alonso,Bahrain Grand Prix,3.0,0.6215299099440914
Fernando Alonso,Bahrain Grand Prix,2.0,0.7642932110073417
Fernando Alonso,Saudi Arabian Grand Prix,1.0,0.7883369065845647
Fernando Alonso,Saudi Arabian Grand Prix,3.0,0.48857646797542187
Fernando Alonso,Saudi Arabian Grand Prix,2.0,0.6535348939421621
Fernando Alonso,Australian Grand Prix,1.0,0.839910402852075
Fernando Alonso,Australian Grand Prix,3.0,0.5736918061687402
Fernando Alonso,Australian Grand Prix,2.0,0.726561358001908
Fernando Alonso,Emilia Romagna Grand Prix,1.0,0.363208734616585
Fernando Alonso,Emilia Romagna Grand Prix,3.0,0.12762801512235522
Fernando Alonso,Emilia Romagna Grand Prix,2.0,0.22412628185891037
Fernando Alonso,Spanish Grand Prix,1.0,0.004409213646054622
Fernando Alonso,Spanish Grand Prix,3.0,0.001134677200851697
Fernando Alonso,Spanish Grand Prix,2.0,0.002237947097012416
Fernando Alonso,Monaco Grand Prix,1.0,0.8271149212646023
Fernando Alonso,Monaco Grand Prix,3.0,0.550993280402643
Fernando Alonso,Monaco Grand Prix,2.0,0.7078574077517144
Fernando Alonso,Azerbaijan Grand Prix,1.0,0.9377315875690185
Fernando Alonso,Azerbaijan Grand Prix,3.0,0.7943547712290255
Fernando Alonso,Azerbaijan Grand Prix,2.0,0.8840847472574522
Fernando Alonso,Canadian Grand Prix,1.0,0.8117067796108479
Fernando Alonso,Canadian Grand Prix,3.0,0.5251056040318232
Fernando Alonso,Canadian Grand Prix,2.0,0.685857426968784
Fernando Alonso,British Grand Prix,1.0,0.00022296290009893305
Fernando Alonso,British Grand Prix,3.0,5.7199169541832795e-05
Fernando Alonso,British Grand Prix,2.0,0.00011293354399000144
Fernando Alonso,Austrian Grand Prix,1.0,0.0
Fernando Alonso,Austrian Grand Prix,3.0,0.0
Fernando Alonso,Austrian Grand Prix,2.0,0.0
Fernando Alonso,French Grand Prix,1.0,1.4246381851990009e-12
Fernando Alonso,French Grand Prix,3.0,3.6548541970660153e-13
Fernando Alonso,French Grand Prix,2.0,7.216449660063518e-13
Fernando Alonso,Hungarian Grand Prix,1.0,1.2395663451236771e-07
Fernando Alonso,Hungarian Grand Prix,3.0,3.1794714971944416e-08
Fernando Alonso,Hungarian Grand Prix,2.0,6.277870634452398e-08
Fernando Alonso,Belgian Grand Prix,1.0,1.1646239528317892e-11
Fernando Alonso,Belgian Grand Prix,3.0,2.987166070056446e-12
Fernando Alonso,Belgian Grand Prix,2.0,5.898392885228532e-12
Fernando Alonso,Dutch Grand Prix,1.0,0.825412833192404
Fernando Alonso,Dutch Grand Prix,3.0,0.5480581138378695
Fernando Alonso,Dutch Grand Prix,2.0,0.7053993999113898
Fernando Alonso,Italian Grand Prix,1.0,0.00012166002022062639
Fernando Alonso,Italian Grand Prix,3.0,3.1208456384379524e-05
Fernando Alonso,Italian Grand Prix,2.0,6.161926607473056e-05
Fernando Alonso,Singapore Grand Prix,1.0,0.733949372943145
Fernando Alonso,Singapore Grand Prix,3.0,0.4143822627478182
Fernando Alonso,Singapore Grand Prix,2.0,0.582838704182518
Fernando Alonso,Japanese Grand Prix,1.0,0.3289774830499733
Fernando Alonso,Japanese Grand Prix,3.0,0.11170472651201246
Fernando Alonso,Japanese Grand Prix,2.0,0.19890865426686655
Fernando Alonso,United States Grand Prix,1.0,0.00019089965690610722
Fernando Alonso,United States Grand Prix,3.0,4.897245906443359e-05
Fernando Alonso,United States Grand Prix,2.0,9.669157333913603e-05
Fernando Alonso,Mexico City Grand Prix,1.0,0.0
Fernando Alonso,Mexico City Grand Prix,3.0,0.0
Fernando Alonso,Mexico City Grand Prix,2.0,0.0
Fernando Alonso,Brazilian Grand Prix,1.0,0.0
Fernando Alonso,Brazilian Grand Prix,3.0,0.0
Fernando Alonso,Brazilian Grand Prix,2.0,0.0
Fernando Alonso,Abu Dhabi Grand Prix,1.0,0.8528728670397336
Fernando Alonso,Abu Dhabi Grand Prix,3.0,0.5978901264859978
Fernando Alonso,Abu Dhabi Grand Prix,2.0,0.7459253738204872
Mick Schumacher,Bahrain Grand Prix,1.0,0.8657030197739358
Mick Schumacher,Bahrain Grand Prix,3.0,0.6231303843343591
Mick Schumacher,Bahrain Grand Prix,2.0,0.7655177301614365
Mick Schumacher,Saudi Arabian Grand Prix,1.0,0.7894709234557363
Mick Schumacher,Saudi Arabian Grand Prix,3.0,0.4902780834420074
Mick Schumacher,Saudi Arabian Grand Prix,2.0,0.6550751355612242
Mick Schumacher,Emilia Romagna Grand Prix,1.0,0.3647851566394378
Mick Schumacher,Emilia Romagna Grand Prix,3.0,0.12838810462591643
Mick Schumacher,Emilia Romagna Grand Prix,2.0,0.22531263730789997
Mick Schumacher,Spanish Grand Prix,1.0,0.004439206963166131
Mick Schumacher,Spanish Grand Prix,3.0,0.001142421310065922
Mick Schumacher,Spanish Grand Prix,2.0,0.0022532039769722623
Mick Schumacher,Monaco Grand Prix,1.0,0.8280864853363789
Mick Schumacher,Monaco Grand Prix,3.0,0.552677360536282
Mick Schumacher,Monaco Grand Prix,2.0,0.7092635873098523
Mick Schumacher,Azerbaijan Grand Prix,1.0,0.9381280190527355
Mick Schumacher,Azerbaijan Grand Prix,3.0,0.7954649116160595
Mick Schumacher,Azerbaijan Grand Prix,2.0,0.8847807556747855
Mick Schumacher,British Grand Prix,1.0,0.0002244860080036215
Mick Schumacher,British Grand Prix,3.0,5.75899746964037e-05
Mick Schumacher,British Grand Prix,2.0,0.00011370510299457681
Mick Schumacher,Austrian Grand Prix,1.0,0.0
Mick Schumacher,Austrian Grand Prix,3.0,0.0
Mick Schumacher,Austrian Grand Prix,2.0,0.0
Mick Schumacher,French Grand Prix,1.0,1.4344081478157023e-12
Mick Schumacher,French Grand Prix,3.0,3.679279103607769e-13
Mick Schumacher,French Grand Prix,2.0,7.265299473147024e-13
Mick Schumacher,Hungarian Grand Prix,1.0,1.248035992329477e-07
Mick Schumacher,Hungarian Grand Prix,3.0,3.20119603047786e-08
Mick Schumacher,Hungarian Grand Prix,2.0,6.320765755241098e-08
Mick Schumacher,Belgian Grand Prix,1.0,1.1725731496881053e-11
Mick Schumacher,Belgian Grand Prix,3.0,3.007594173709549e-12
Mick Schumacher,Belgian Grand Prix,2.0,5.938582958719962e-12
Mick Schumacher,Dutch Grand Prix,1.0,0.8263919548009433
Mick Schumacher,Dutch Grand Prix,3.0,0.5497442067105679
Mick Schumacher,Dutch Grand Prix,2.0,0.706812510310197
Mick Schumacher,Italian Grand Prix,1.0,0.00012249119097773598
Mick Schumacher,Italian Grand Prix,3.0,3.142168928427225e-05
Mick Schumacher,Italian Grand Prix,2.0,6.204026903344761e-05
Mick Schumacher,United States Grand Prix,1.0,0.00019220377595385862
Mick Schumacher,United States Grand Prix,3.0,4.930705916639244e-05
Mick Schumacher,United States Grand Prix,2.0,9.735217843087618e-05
Mick Schumacher,Mexico City Grand Prix,1.0,0.0
Mick Schumacher,Mexico City Grand Prix,3.0,0.0
Mick Schumacher,Mexico City Grand Prix,2.0,0.0
Mick Schumacher,Abu Dhabi Grand Prix,1.0,0.8537252782453493
Mick Schumacher,Abu Dhabi Grand Prix,3.0,0.5995261559074014
Mick Schumacher,Abu Dhabi Grand Prix,2.0,0.7472137550551144
Lance Stroll,Bahrain Grand Prix,1.0,0.8877689162505121
Lance Stroll,Bahrain Grand Prix,3.0,0.6698528702210628
Lance Stroll,Bahrain Grand Prix,2.0,0.8002464821956392
Lance Stroll,Saudi Arabian Grand Prix,1.0,0.8214793350165903
Lance Stroll,Saudi Arabian Grand Prix,3.0,0.541348011671531
Lance Stroll,Saudi Arabian Grand Prix,2.0,0.6997455565873867
Lance Stroll,Australian Grand Prix,1.0,0.8663464964273575
Lance Stroll,Australian Grand Prix,3.0,0.6244319051959291
Lance Stroll,Australian Grand Prix,2.0,0.7665117699336712
Lance Stroll,Emilia Romagna Grand Prix,1.0,0.413384477070991
Lance Stroll,Emilia Romagna Grand Prix,3.0,0.153082885888161
Lance Stroll,Emilia Romagna Grand Prix,2.0,0.26302450865575167
Lance Stroll,Spanish Grand Prix,1.0,0.005441916237649225
Lance Stroll,Spanish Grand Prix,3.0,0.0014015149102424296
Lance Stroll,Spanish Grand Prix,2.0,0.002763518765413142
Lance Stroll,Monaco Grand Prix,1.0,0.8552999514803674
Lance Stroll,Monaco Grand Prix,3.0,0.6025633994875206
Lance Stroll,Monaco Grand Prix,2.0,0.7495987364869401
Lance Stroll,Azerbaijan Grand Prix,1.0,0.9489951122281046
Lance Stroll,Azerbaijan Grand Prix,3.0,0.8267619841035734
Lance Stroll,Azerbaijan Grand Prix,2.0,0.9040594404501021
Lance Stroll,Canadian Grand Prix,1.0,0.8419236829101705
Lance Stroll,Canadian Grand Prix,3.0,0.5773683948071658
Lance Stroll,Canadian Grand Prix,2.0,0.7295410954796288
Lance Stroll,British Grand Prix,1.0,0.0002754553608039778
Lance Stroll,British Grand Prix,3.0,7.066840682568021e-05
Lance Stroll,British Grand Prix,2.0,0.0001395252579251549
Lance Stroll,Austrian Grand Prix,1.0,0.0
Lance Stroll,Austrian Grand Prix,3.0,0.0
Lance Stroll,Austrian Grand Prix,2.0,0.0
Lance Stroll,French Grand Prix,1.0,1.7601475832407232e-12
Lance Stroll,French Grand Prix,3.0,4.5141668181258865e-13
Lance Stroll,French Grand Prix,2.0,8.915090887740007e-13
Lance Stroll,Hungarian Grand Prix,1.0,1.531479510985534e-07
Lance Stroll,Hungarian Grand Prix,3.0,3.9282250341443614e-08
Lance Stroll,Hungarian Grand Prix,2.0,7.756285436144594e-08
Lance Stroll,Belgian Grand Prix,1.0,1.4388934488351879e-11
Lance Stroll,Belgian Grand Prix,3.0,3.69082542306387e-12
Lance Stroll,Belgian Grand Prix,2.0,7.287281889034603e-12
Lance Stroll,Dutch Grand Prix,1.0,0.8538263111122654
Lance Stroll,Dutch Grand Prix,3.0,0.5997204443079336
Lance Stroll,Dutch Grand Prix,2.0,0.747366585887348
Lance Stroll,Italian Grand Prix,1.0,0.00015030619086153774
Lance Stroll,Italian Grand Prix,3.0,3.855764705462672e-05
Lance Stroll,Italian Grand Prix,2.0,7.612926665734321e-05
Lance Stroll,Singapore Grand Prix,1.0,0.7731573771638549
Lance Stroll,Singapore Grand Prix,3.0,0.4664490769582691
Lance Stroll,Singapore Grand Prix,2.0,0.6331862150712987
Lance Stroll,Japanese Grand Prix,1.0,0.3772256546227869
Lance Stroll,Japanese Grand Prix,3.0,0.1344733086778318
Lance Stroll,Japanese Grand Prix,2.0,0.2347544688184453
Lance Stroll,United States Grand Prix,1.0,0.0002358452051062221
Lance Stroll,United States Grand Prix,3.0,6.0504591113508255e-05
Lance Stroll,United States Grand Prix,2.0,0.00011945935488444359
Lance Stroll,Mexico City Grand Prix,1.0,0.0
Lance Stroll,Mexico City Grand Prix,3.0,0.0
Lance Stroll,Mexico City Grand Prix,2.0,0.0
Lance Stroll,Brazilian Grand Prix,1.0,0.0
Lance Stroll,Brazilian Grand Prix,3.0,0.0
Lance Stroll,Brazilian Grand Prix,2.0,0.0
Lance Stroll,Abu Dhabi Grand Prix,1.0,0.877480672032211
Lance Stroll,Abu Dhabi Grand Prix,3.0,0.6475196659645196
Lance Stroll,Abu Dhabi Grand Prix,2.0,0.7838881477420311
Alexander Albon,Bahrain Grand Prix,1.0,0.8877689162505121
Alexander Albon,Bahrain Grand Prix,3.0,0.6698528702210628
Alexander Albon,Bahrain Grand Prix,2.0,0.8002464821956392
Alexander Albon,Australian Grand Prix,1.0,0.8663464964273575
Alexander Albon,Australian Grand Prix,3.0,0.6244319051959291
Alexander Albon,Australian Grand Prix,2.0,0.7665117699336712
Alexander Albon,Emilia Romagna Grand Prix,1.0,0.413384477070991
Alexander Albon,Emilia Romagna Grand Prix,3.0,0.153082885888161
Alexander Albon,Emilia Romagna Grand Prix,2.0,0.26302450865575167
Alexander Albon,Spanish Grand Prix,1.0,0.005441916237649225
Alexander Albon,Spanish Grand Prix,3.0,0.0014015149102424296
Alexander Albon,Spanish Grand Prix,2.0,0.002763518765413142
Alexander Albon,Monaco Grand Prix,1.0,0.8552999514803674
Alexander Albon,Monaco Grand Prix,3.0,0.6025633994875206
Alexander Albon,Monaco Grand Prix,2.0,0.7495987364869401
Alexander Albon,Azerbaijan Grand Prix,1.0,0.9489951122281046
Alexander Albon,Azerbaijan Grand Prix,3.0,0.8267619841035734
Alexander Albon,Azerbaijan Grand Prix,2.0,0.9040594404501021
Alexander Albon,Canadian Grand Prix,1.0,0.8419236829101705
Alexander Albon,Canadian Grand Prix,3.0,0.5773683948071658
Alexander Albon,Canadian Grand Prix,2.0,0.7295410954796288
Alexander Albon,British Grand Prix,1.0,0.0002754553608039778
Alexander Albon,British Grand Prix,3.0,7.066840682568021e-05
Alexander Albon,British Grand Prix,2.0,0.0001395252579251549
Alexander Albon,Austrian Grand Prix,1.0,0.0
Alexander Albon,Austrian Grand Prix,3.0,0.0
Alexander Albon,Austrian Grand Prix,2.0,0.0
Alexander Albon,French Grand Prix,1.0,1.7601475832407232e-12
Alexander Albon,French Grand Prix,3.0,4.5141668181258865e-13
Alexander Albon,French Grand Prix,2.0,8.915090887740007e-13
Alexander Albon,Hungarian Grand Prix,1.0,1.531479510985534e-07
Alexander Albon,Hungarian Grand Prix,3.0,3.9282250341443614e-08
Alexander Albon,Hungarian Grand Prix,2.0,7.756285436144594e-08
Alexander Albon,Belgian Grand Prix,1.0,1.4388934488351879e-11
Alexander Albon,Belgian Grand Prix,3.0,3.69082542306387e-12
Alexander Albon,Belgian Grand Prix,2.0,7.287281889034603e-12
Alexander Albon,Italian Grand Prix,1.0,0.00015030619086153774
Alexander Albon,Italian Grand Prix,3.0,3.855764705462672e-05
Alexander Albon,Italian Grand Prix,2.0,7.612926665734321e-05
Alexander Albon,Singapore Grand Prix,1.0,0.7731573771638549
Alexander Albon,Singapore Grand Prix,3.0,0.4664490769582691
Alexander Albon,Singapore Grand Prix,2.0,0.6331862150712987
Alexander Albon,Japanese Grand Prix,1.0,0.3772256546227869
Alexander Albon,Japanese Grand Prix,3.0,0.1344733086778318
Alexander Albon,Japanese Grand Prix,2.0,0.2347544688184453
Alexander Albon,United States Grand Prix,1.0,0.0002358452051062221
Alexander Albon,United States Grand Prix,3.0,6.0504591113508255e-05
Alexander Albon,United States Grand Prix,2.0,0.00011945935488444359
Alexander Albon,Brazilian Grand Prix,1.0,0.0
Alexander Albon,Brazilian Grand Prix,3.0,0.0
Alexander Albon,Brazilian Grand Prix,2.0,0.0
Alexander Albon,Abu Dhabi Grand Prix,1.0,0.877480672032211
Alexander Albon,Abu Dhabi Grand Prix,3.0,0.6475196659645196
Alexander Albon,Abu Dhabi Grand Prix,2.0,0.7838881477420311
Daniel Ricciardo,Bahrain Grand Prix,1.0,0.8877689162505121
Daniel Ricciardo,Bahrain Grand Prix,3.0,0.6698528702210628
Daniel Ricciardo,Bahrain Grand Prix,2.0,0.8002464821956392
Daniel Ricciardo,Saudi Arabian Grand Prix,1.0,0.8214793350165903
Daniel Ricciardo,Saudi Arabian Grand Prix,3.0,0.541348011671531
Daniel Ricciardo,Saudi Arabian Grand Prix,2.0,0.6997455565873867
Daniel Ricciardo,Australian Grand Prix,1.0,0.8663464964273575
Daniel Ricciardo,Australian Grand Prix,3.0,0.6244319051959291
Daniel Ricciardo,Australian Grand Prix,2.0,0.7665117699336712
Daniel Ricciardo,Emilia Romagna Grand Prix,1.0,0.413384477070991
Daniel Ricciardo,Emilia Romagna Grand Prix,3.0,0.153082885888161
Daniel Ricciardo,Emilia Romagna Grand Prix,2.0,0.26302450865575167
Daniel Ricciardo,Spanish Grand Prix,1.0,0.005441916237649225
Daniel Ricciardo,Spanish Grand Prix,3.0,0.0014015149102424296
Daniel Ricciardo,Spanish Grand Prix,2.0,0.002763518765413142
Daniel Ricciardo,Monaco Grand Prix,1.0,0.8552999514803674
Daniel Ricciardo,Monaco Grand Prix,3.0,0.6025633994875206
Daniel Ricciardo,Monaco Grand Prix,2.0,0.7495987364869401
Daniel Ricciardo,Azerbaijan Grand Prix,1.0,0.9489951122281046
Daniel Ricciardo,Azerbaijan Grand Prix,3.0,0.8267619841035734
Daniel Ricciardo,Azerbaijan Grand Prix,2.0,0.9040594404501021
Daniel Ricciardo,Canadian Grand Prix,1.0,0.8419236829101705
Daniel Ricciardo,Canadian Grand Prix,3.0,0.5773683948071658
Daniel Ricciardo,Canadian Grand Prix,2.0,0.7295410954796288
Daniel Ricciardo,British Grand Prix,1.0,0.0002754553608039778
Daniel Ricciardo,British Grand Prix,3.0,7.066840682568021e-05
Daniel Ricciardo,British Grand Prix,2.0,0.0001395252579251549
Daniel Ricciardo,Austrian Grand Prix,1.0,0.0
Daniel Ricciardo,Austrian Grand Prix,3.0,0.0
Daniel Ricciardo,Austrian Grand Prix,2.0,0.0
Daniel Ricciardo,French Grand Prix,1.0,1.7601475832407232e-12
Daniel Ricciardo,French Grand Prix,3.0,4.5141668181258865e-13
Daniel Ricciardo,French Grand Prix,2.0,8.915090887740007e-13
Daniel Ricciardo,Hungarian Grand Prix,1.0,1.531479510985534e-07
Daniel Ricciardo,Hungarian Grand Prix,3.0,3.9282250341443614e-08
Daniel Ricciardo,Hungarian Grand Prix,2.0,7.756285436144594e-08
Daniel Ricciardo,Belgian Grand Prix,1.0,1.4388934488351879e-11
Daniel Ricciardo,Belgian Grand Prix,3.0,3.69082542306387e-12
Daniel Ricciardo,Belgian Grand Prix,2.0,7.287281889034603e-12
Daniel Ricciardo,Dutch Grand Prix,1.0,0.8538263111122654
Daniel Ricciardo,Dutch Grand Prix,3.0,0.5997204443079336
Daniel Ricciardo,Dutch Grand Prix,2.0,0.747366585887348
Daniel Ricciardo,Italian Grand Prix,1.0,0.00015030619086153774
Daniel Ricciardo,Italian Grand Prix,3.0,3.855764705462672e-05
Daniel Ricciardo,Italian Grand Prix,2.0,7.612926665734321e-05
Daniel Ricciardo,Singapore Grand Prix,1.0,0.7731573771638549
Daniel Ricciardo,Singapore Grand Prix,3.0,0.4664490769582691
Daniel Ricciardo,Singapore Grand Prix,2.0,0.6331862150712987
Daniel Ricciardo,Japanese Grand Prix,1.0,0.3772256546227869
Daniel Ricciardo,Japanese Grand Prix,3.0,0.1344733086778318
Daniel Ricciardo,Japanese Grand Prix,2.0,0.2347544688184453
Daniel Ricciardo,United States Grand Prix,1.0,0.0002358452051062221
Daniel Ricciardo,United States Grand Prix,3.0,6.0504591113508255e-05
Daniel Ricciardo,United States Grand Prix,2.0,0.00011945935488444359
Daniel Ricciardo,Mexico City Grand Prix,1.0,0.0
Daniel Ricciardo,Mexico City Grand Prix,3.0,0.0
Daniel Ricciardo,Mexico City Grand Prix,2.0,0.0
Daniel Ricciardo,Brazilian Grand Prix,1.0,0.0
Daniel Ricciardo,Brazilian Grand Prix,3.0,0.0
Daniel Ricciardo,Brazilian Grand Prix,2.0,0.0
Daniel Ricciardo,Abu Dhabi Grand Prix,1.0,0.877480672032211
Daniel Ricciardo,Abu Dhabi Grand Prix,3.0,0.6475196659645196
Daniel Ricciardo,Abu Dhabi Grand Prix,2.0,0.7838881477420311
Lando Norris,Bahrain Grand Prix,1.0,0.8877689162505121
Lando Norris,Bahrain Grand Prix,3.0,0.6698528702210628
Lando Norris,Bahrain Grand Prix,2.0,0.8002464821956392
Lando Norris,Saudi Arabian Grand Prix,1.0,0.8214793350165903
Lando Norris,Saudi Arabian Grand Prix,3.0,0.541348011671531
Lando Norris,Saudi Arabian Grand Prix,2.0,0.6997455565873867
Lando Norris,Australian Grand Prix,1.0,0.8663464964273575
Lando Norris,Australian Grand Prix,3.0,0.6244319051959291
Lando Norris,Australian Grand Prix,2.0,0.7665117699336712
Lando Norris,Emilia Romagna Grand Prix,1.0,0.413384477070991
Lando Norris,Emilia Romagna Grand Prix,3.0,0.153082885888161
Lando Norris,Emilia Romagna Grand Prix,2.0,0.26302450865575167
Lando Norris,Spanish Grand Prix,1.0,0.005441916237649225
Lando Norris,Spanish Grand Prix,3.0,0.0014015149102424296
Lando Norris,Spanish Grand Prix,2.0,0.002763518765413142
Lando Norris,Monaco Grand Prix,1.0,0.8552999514803674
Lando Norris,Monaco Grand Prix,3.0,0.6025633994875206
Lando Norris,Monaco Grand Prix,2.0,0.7495987364869401
Lando Norris,Azerbaijan Grand Prix,1.0,0.9489951122281046
Lando Norris,Azerbaijan Grand Prix,3.0,0.8267619841035734
Lando Norris,Azerbaijan Grand Prix,2.0,0.9040594404501021
Lando Norris,Canadian Grand Prix,1.0,0.8419236829101705
Lando Norris,Canadian Grand Prix,3.0,0.5773683948071658
Lando Norris,Canadian Grand Prix,2.0,0.7295410954796288
Lando Norris,British Grand Prix,1.0,0.0002754553608039778
Lando Norris,British Grand Prix,3.0,7.066840682568021e-05
Lando Norris,British Grand Prix,2.0,0.0001395252579251549
Lando Norris,Austrian Grand Prix,1.0,0.0
Lando Norris,Austrian Grand Prix,3.0,0.0
Lando Norris,Austrian Grand Prix,2.0,0.0
Lando Norris,French Grand Prix,1.0,1.7601475832407232e-12
Lando Norris,French Grand Prix,3.0,4.5141668181258865e-13
Lando Norris,French Grand Prix,2.0,8.915090887740007e-13
Lando Norris,Hungarian Grand Prix,1.0,1.531479510985534e-07
Lando Norris,Hungarian Grand Prix,3.0,3.9282250341443614e-08
Lando Norris,Hungarian Grand Prix,2.0,7.756285436144594e-08
Lando Norris,Belgian Grand Prix,1.0,1.4388934488351879e-11
Lando Norris,Belgian Grand Prix,3.0,3.69082542306387e-12
Lando Norris,Belgian Grand Prix,2.0,7.287281889034603e-12
Lando Norris,Dutch Grand Prix,1.0,0.8538263111122654
Lando Norris,Dutch Grand Prix,3.0,0.5997204443079336
Lando Norris,Dutch Grand Prix,2.0,0.747366585887348
Lando Norris,Italian Grand Prix,1.0,0.00015030619086153774
Lando Norris,Italian Grand Prix,3.0,3.855764705462672e-05
Lando Norris,Italian Grand Prix,2.0,7.612926665734321e-05
Lando Norris,Singapore Grand Prix,1.0,0.7731573771638549
Lando Norris,Singapore Grand Prix,3.0,0.4664490769582691
Lando Norris,Singapore Grand Prix,2.0,0.6331862150712987
Lando Norris,Japanese Grand Prix,1.0,0.3772256546227869
Lando Norris,Japanese Grand Prix,3.0,0.1344733086778318
Lando Norris,Japanese Grand Prix,2.0,0.2347544688184453
Lando Norris,United States Grand Prix,1.0,0.0002358452051062221
Lando Norris,United States Grand Prix,3.0,6.0504591113508255e-05
Lando Norris,United States Grand Prix,2.0,0.00011945935488444359
Lando Norris,Mexico City Grand Prix,1.0,0.0
Lando Norris,Mexico City Grand Prix,3.0,0.0
Lando Norris,Mexico City Grand Prix,2.0,0.0
Lando Norris,Brazilian Grand Prix,1.0,0.0
Lando Norris,Brazilian Grand Prix,3.0,0.0
Lando Norris,Brazilian Grand Prix,2.0,0.0
Lando Norris,Abu Dhabi Grand Prix,1.0,0.877480672032211
Lando Norris,Abu Dhabi Grand Prix,3.0,0.6475196659645196
Lando Norris,Abu Dhabi Grand Prix,2.0,0.7838881477420311
Nicholas Latifi,Bahrain Grand Prix,1.0,0.8877689162505121
Nicholas Latifi,Bahrain Grand Prix,3.0,0.6698528702210628
Nicholas Latifi,Bahrain Grand Prix,2.0,0.8002464821956392
Nicholas Latifi,Saudi Arabian Grand Prix,1.0,0.8214793350165903
Nicholas Latifi,Saudi Arabian Grand Prix,3.0,0.541348011671531
Nicholas Latifi,Saudi Arabian Grand Prix,2.0,0.6997455565873867
Nicholas Latifi,Emilia Romagna Grand Prix,1.0,0.413384477070991
Nicholas Latifi,Emilia Romagna Grand Prix,3.0,0.153082885888161
Nicholas Latifi,Emilia Romagna Grand Prix,2.0,0.26302450865575167
Nicholas Latifi,Spanish Grand Prix,1.0,0.005441916237649225
Nicholas Latifi,Spanish Grand Prix,3.0,0.0014015149102424296
Nicholas Latifi,Spanish Grand Prix,2.0,0.002763518765413142
Nicholas Latifi,Monaco Grand Prix,1.0,0.8552999514803674
Nicholas Latifi,Monaco Grand Prix,3.0,0.6025633994875206
Nicholas Latifi,Monaco Grand Prix,2.0,0.7495987364869401
Nicholas Latifi,Azerbaijan Grand Prix,1.0,0.9489951122281046
Nicholas Latifi,Azerbaijan Grand Prix,3.0,0.8267619841035734
Nicholas Latifi,Azerbaijan Grand Prix,2.0,0.9040594404501021
Nicholas Latifi,British Grand Prix,1.0,0.0002754553608039778
Nicholas Latifi,British Grand Prix,3.0,7.066840682568021e-05
Nicholas Latifi,British Grand Prix,2.0,0.0001395252579251549
Nicholas Latifi,Austrian Grand Prix,1.0,0.0
Nicholas Latifi,Austrian Grand Prix,3.0,0.0
Nicholas Latifi,Austrian Grand Prix,2.0,0.0
Nicholas Latifi,French Grand Prix,1.0,1.7601475832407232e-12
Nicholas Latifi,French Grand Prix,3.0,4.5141668181258865e-13
Nicholas Latifi,French Grand Prix,2.0,8.915090887740007e-13
Nicholas Latifi,Hungarian Grand Prix,1.0,1.531479510985534e-07
Nicholas Latifi,Hungarian Grand Prix,3.0,3.9282250341443614e-08
Nicholas Latifi,Hungarian Grand Prix,2.0,7.756285436144594e-08
Nicholas Latifi,Belgian Grand Prix,1.0,1.4388934488351879e-11
Nicholas Latifi,Belgian Grand Prix,3.0,3.69082542306387e-12
Nicholas Latifi,Belgian Grand Prix,2.0,7.287281889034603e-12
Nicholas Latifi,Dutch Grand Prix,1.0,0.8538263111122654
Nicholas Latifi,Dutch Grand Prix,3.0,0.5997204443079336
Nicholas Latifi,Dutch Grand Prix,2.0,0.747366585887348
Nicholas Latifi,Italian Grand Prix,1.0,0.00015030619086153774
Nicholas Latifi,Italian Grand Prix,3.0,3.855764705462672e-05
Nicholas Latifi,Italian Grand Prix,2.0,7.612926665734321e-05
Nicholas Latifi,United States Grand Prix,1.0,0.0002358452051062221
Nicholas Latifi,United States Grand Prix,3.0,6.0504591113508255e-05
Nicholas Latifi,United States Grand Prix,2.0,0.00011945935488444359
Nicholas Latifi,Mexico City Grand Prix,1.0,0.0
Nicholas Latifi,Mexico City Grand Prix,3.0,0.0
Nicholas Latifi,Mexico City Grand Prix,2.0,0.0
Nicholas Latifi,Abu Dhabi Grand Prix,1.0,0.877480672032211
Nicholas Latifi,Abu Dhabi Grand Prix,3.0,0.6475196659645196
Nicholas Latifi,Abu Dhabi Grand Prix,2.0,0.7838881477420311
Nico Hlkenberg,Bahrain Grand Prix,1.0,0.8877689162505121
Nico Hlkenberg,Bahrain Grand Prix,3.0,0.6698528702210628
Nico Hlkenberg,Bahrain Grand Prix,2.0,0.8002464821956392
Nico Hlkenberg,Australian Grand Prix,1.0,0.8663464964273575
Nico Hlkenberg,Australian Grand Prix,3.0,0.6244319051959291
Nico Hlkenberg,Australian Grand Prix,2.0,0.7665117699336712
Nico Hlkenberg,Spanish Grand Prix,1.0,0.005441916237649225
Nico Hlkenberg,Spanish Grand Prix,3.0,0.0014015149102424296
Nico Hlkenberg,Spanish Grand Prix,2.0,0.002763518765413142
Nico Hlkenberg,Monaco Grand Prix,1.0,0.8552999514803674
Nico Hlkenberg,Monaco Grand Prix,3.0,0.6025633994875206
Nico Hlkenberg,Monaco Grand Prix,2.0,0.7495987364869401
Nico Hlkenberg,Azerbaijan Grand Prix,1.0,0.9489951122281046
Nico Hlkenberg,Azerbaijan Grand Prix,3.0,0.8267619841035734
Nico Hlkenberg,Azerbaijan Grand Prix,2.0,0.9040594404501021
Nico Hlkenberg,Canadian Grand Prix,1.0,0.8419236829101705
Nico Hlkenberg,Canadian Grand Prix,3.0,0.5773683948071658
Nico Hlkenberg,Canadian Grand Prix,2.0,0.7295410954796288
Nico Hlkenberg,British Grand Prix,1.0,0.0002754553608039778
Nico Hlkenberg,British Grand Prix,3.0,7.066840682568021e-05
Nico Hlkenberg,British Grand Prix,2.0,0.0001395252579251549
Nico Hlkenberg,Austrian Grand Prix,1.0,0.0
Nico Hlkenberg,Austrian Grand Prix,3.0,0.0
Nico Hlkenberg,Austrian Grand Prix,2.0,0.0
Nico Hlkenberg,French Grand Prix,1.0,1.7601475832407232e-12
Nico Hlkenberg,French Grand Prix,3.0,4.5141668181258865e-13
Nico Hlkenberg,French Grand Prix,2.0,8.915090887740007e-13
Nico Hlkenberg,Hungarian Grand Prix,1.0,1.531479510985534e-07
Nico Hlkenberg,Hungarian Grand Prix,3.0,3.9282250341443614e-08
Nico Hlkenberg,Hungarian Grand Prix,2.0,7.756285436144594e-08
Nico Hlkenberg,Belgian Grand Prix,1.0,1.4388934488351879e-11
Nico Hlkenberg,Belgian Grand Prix,3.0,3.69082542306387e-12
Nico Hlkenberg,Belgian Grand Prix,2.0,7.287281889034603e-12
Nico Hlkenberg,Italian Grand Prix,1.0,0.00015030619086153774
Nico Hlkenberg,Italian Grand Prix,3.0,3.855764705462672e-05
Nico Hlkenberg,Italian Grand Prix,2.0,7.612926665734321e-05
Nico Hlkenberg,Singapore Grand Prix,1.0,0.7731573771638549
Nico Hlkenberg,Singapore Grand Prix,3.0,0.4664490769582691
Nico Hlkenberg,Singapore Grand Prix,2.0,0.6331862150712987
Nico Hlkenberg,Japanese Grand Prix,1.0,0.3772256546227869
Nico Hlkenberg,Japanese Grand Prix,3.0,0.1344733086778318
Nico Hlkenberg,Japanese Grand Prix,2.0,0.2347544688184453
Nico Hlkenberg,United States Grand Prix,1.0,0.0002358452051062221
Nico Hlkenberg,United States Grand Prix,3.0,6.0504591113508255e-05
Nico Hlkenberg,United States Grand Prix,2.0,0.00011945935488444359
Nico Hlkenberg,Brazilian Grand Prix,1.0,0.0
Nico Hlkenberg,Brazilian Grand Prix,3.0,0.0
Nico Hlkenberg,Brazilian Grand Prix,2.0,0.0
Nico Hlkenberg,Abu Dhabi Grand Prix,1.0,0.877480672032211
Nico Hlkenberg,Abu Dhabi Grand Prix,3.0,0.6475196659645196
Nico Hlkenberg,Abu Dhabi Grand Prix,2.0,0.7838881477420311
Sergio Prez,Bahrain Grand Prix,1.0,0.8872411271933731
Sergio Prez,Bahrain Grand Prix,3.0,0.6686827426807751
Sergio Prez,Bahrain Grand Prix,2.0,0.7994001045253036
Sergio Prez,Saudi Arabian Grand Prix,1.0,0.8207027661895743
Sergio Prez,Saudi Arabian Grand Prix,3.0,0.5400351744283345
Sergio Prez,Saudi Arabian Grand Prix,2.0,0.698633710836211
Sergio Prez,Australian Grand Prix,1.0,0.865733200641261
Sergio Prez,Australian Grand Prix,3.0,0.6231913512098333
Sergio Prez,Australian Grand Prix,2.0,0.765564328785673
Sergio Prez,Emilia Romagna Grand Prix,1.0,0.4121031351659188
Sergio Prez,Emilia Romagna Grand Prix,3.0,0.152398772737927
Sergio Prez,Emilia Romagna Grand Prix,2.0,0.26200107034308906
Sergio Prez,Spanish Grand Prix,1.0,0.005413379508950489
Sergio Prez,Spanish Grand Prix,3.0,0.0013941358415133775
Sergio Prez,Spanish Grand Prix,2.0,0.002748988397047958
Sergio Prez,Monaco Grand Prix,1.0,0.8546444710591065
Sergio Prez,Monaco Grand Prix,3.0,0.601296733048963
Sergio Prez,Monaco Grand Prix,2.0,0.7486051746522042
Sergio Prez,Azerbaijan Grand Prix,1.0,0.9487386260662254
Sergio Prez,Azerbaijan Grand Prix,3.0,0.8260035276287777
Sergio Prez,Azerbaijan Grand Prix,2.0,0.9035999420522455
Sergio Prez,Canadian Grand Prix,1.0,0.8412188577984568
Sergio Prez,Canadian Grand Prix,3.0,0.5760779222812715
Sergio Prez,Canadian Grand Prix,2.0,0.728496773359181
Sergio Prez,British Grand Prix,1.0,0.0002740034433191818
Sergio Prez,British Grand Prix,3.0,7.029583973450215e-05
Sergio Prez,British Grand Prix,2.0,0.00013878972473391205
Sergio Prez,Austrian Grand Prix,1.0,0.0
Sergio Prez,Austrian Grand Prix,3.0,0.0
Sergio Prez,Austrian Grand Prix,2.0,0.0
Sergio Prez,French Grand Prix,1.0,1.7508217098338719e-12
Sergio Prez,French Grand Prix,3.0,4.4919623576333834e-13
Sergio Prez,French Grand Prix,2.0,8.86846152070575e-13
Sergio Prez,Hungarian Grand Prix,1.0,1.5234049122181403e-07
Sergio Prez,Hungarian Grand Prix,3.0,3.907513779211058e-08
Sergio Prez,Hungarian Grand Prix,2.0,7.715391059370802e-08
Sergio Prez,Belgian Grand Prix,1.0,1.4312995233467518e-11
Sergio Prez,Belgian Grand Prix,3.0,3.671285497830468e-12
Sergio Prez,Belgian Grand Prix,2.0,7.248868172382572e-12
Sergio Prez,Dutch Grand Prix,1.0,0.8531653012317189
Sergio Prez,Dutch Grand Prix,3.0,0.5984507552162679
Sergio Prez,Dutch Grand Prix,2.0,0.7463671639550091
Sergio Prez,Italian Grand Prix,1.0,0.00014951383248795747
Sergio Prez,Italian Grand Prix,3.0,3.8354362872472514e-05
Sergio Prez,Italian Grand Prix,2.0,7.572791184207173e-05
Sergio Prez,Singapore Grand Prix,1.0,0.7722288892289211
Sergio Prez,Singapore Grand Prix,3.0,0.4651336727817531
Sergio Prez,Singapore Grand Prix,2.0,0.6319575341801364
Sergio Prez,Japanese Grand Prix,1.0,0.3759845560388412
Sergio Prez,Japanese Grand Prix,3.0,0.13385921546051205
Sergio Prez,Japanese Grand Prix,2.0,0.23380613276716555
Sergio Prez,United States Grand Prix,1.0,0.0002346020226472456
Sergio Prez,United States Grand Prix,3.0,6.0185604900842016e-05
Sergio Prez,United States Grand Prix,2.0,0.0001188295902390113
Sergio Prez,Mexico City Grand Prix,1.0,0.0
Sergio Prez,Mexico City Grand Prix,3.0,0.0
Sergio Prez,Mexico City Grand Prix,2.0,0.0
Sergio Prez,Brazilian Grand Prix,1.0,0.0
Sergio Prez,Brazilian Grand Prix,3.0,0.0
Sergio Prez,Brazilian Grand Prix,2.0,0.0
Sergio Prez,Abu Dhabi Grand Prix,1.0,0.8769112086708931
Sergio Prez,Abu Dhabi Grand Prix,3.0,0.646312178056016
Sergio Prez,Abu Dhabi Grand Prix,2.0,0.782991253870322
Max Verstappen,Bahrain Grand Prix,1.0,0.8872411271933731
Max Verstappen,Bahrain Grand Prix,3.0,0.6686827426807751
Max Verstappen,Bahrain Grand Prix,2.0,0.7994001045253036
Max Verstappen,Saudi Arabian Grand Prix,1.0,0.8207027661895743
Max Verstappen,Saudi Arabian Grand Prix,3.0,0.5400351744283345
Max Verstappen,Saudi Arabian Grand Prix,2.0,0.698633710836211
Max Verstappen,Australian Grand Prix,1.0,0.865733200641261
Max Verstappen,Australian Grand Prix,3.0,0.6231913512098333
Max Verstappen,Australian Grand Prix,2.0,0.765564328785673
Max Verstappen,Emilia Romagna Grand Prix,1.0,0.4121031351659188
Max Verstappen,Emilia Romagna Grand Prix,3.0,0.152398772737927
Max Verstappen,Emilia Romagna Grand Prix,2.0,0.26200107034308906
Max Verstappen,Spanish Grand Prix,1.0,0.005413379508950489
Max Verstappen,Spanish Grand Prix,3.0,0.0013941358415133775
Max Verstappen,Spanish Grand Prix,2.0,0.002748988397047958
Max Verstappen,Monaco Grand Prix,1.0,0.8546444710591065
Max Verstappen,Monaco Grand Prix,3.0,0.601296733048963
Max Verstappen,Monaco Grand Prix,2.0,0.7486051746522042
Max Verstappen,Azerbaijan Grand Prix,1.0,0.9487386260662254
Max Verstappen,Azerbaijan Grand Prix,3.0,0.8260035276287777
Max Verstappen,Azerbaijan Grand Prix,2.0,0.9035999420522455
Max Verstappen,Canadian Grand Prix,1.0,0.8412188577984568
Max Verstappen,Canadian Grand Prix,3.0,0.5760779222812715
Max Verstappen,Canadian Grand Prix,2.0,0.728496773359181
Max Verstappen,British Grand Prix,1.0,0.0002740034433191818
Max Verstappen,British Grand Prix,3.0,7.029583973450215e-05
Max Verstappen,British Grand Prix,2.0,0.00013878972473391205
Max Verstappen,Austrian Grand Prix,1.0,0.0
Max Verstappen,Austrian Grand Prix,3.0,0.0
Max Verstappen,Austrian Grand Prix,2.0,0.0
Max Verstappen,French Grand Prix,1.0,1.7508217098338719e-12
Max Verstappen,French Grand Prix,3.0,4.4919623576333834e-13
Max Verstappen,French Grand Prix,2.0,8.86846152070575e-13
Max Verstappen,Hungarian Grand Prix,1.0,1.5234049122181403e-07
Max Verstappen,Hungarian Grand Prix,3.0,3.907513779211058e-08
Max Verstappen,Hungarian Grand Prix,2.0,7.715391059370802e-08
Max Verstappen,Belgian Grand Prix,1.0,1.4312995233467518e-11
Max Verstappen,Belgian Grand Prix,3.0,3.671285497830468e-12
Max Verstappen,Belgian Grand Prix,2.0,7.248868172382572e-12
Max Verstappen,Dutch Grand Prix,1.0,0.8531653012317189
Max Verstappen,Dutch Grand Prix,3.0,0.5984507552162679
Max Verstappen,Dutch Grand Prix,2.0,0.7463671639550091
Max Verstappen,Italian Grand Prix,1.0,0.00014951383248795747
Max Verstappen,Italian Grand Prix,3.0,3.8354362872472514e-05
Max Verstappen,Italian Grand Prix,2.0,7.572791184207173e-05
Max Verstappen,Singapore Grand Prix,1.0,0.7722288892289211
Max Verstappen,Singapore Grand Prix,3.0,0.4651336727817531
Max Verstappen,Singapore Grand Prix,2.0,0.6319575341801364
Max Verstappen,Japanese Grand Prix,1.0,0.3759845560388412
Max Verstappen,Japanese Grand Prix,3.0,0.13385921546051205
Max Verstappen,Japanese Grand Prix,2.0,0.23380613276716555
Max Verstappen,United States Grand Prix,1.0,0.0002346020226472456
Max Verstappen,United States Grand Prix,3.0,6.0185604900842016e-05
Max Verstappen,United States Grand Prix,2.0,0.0001188295902390113
Max Verstappen,Mexico City Grand Prix,1.0,0.0
Max Verstappen,Mexico City Grand Prix,3.0,0.0
Max Verstappen,Mexico City Grand Prix,2.0,0.0
Max Verstappen,Brazilian Grand Prix,1.0,0.0
Max Verstappen,Brazilian Grand Prix,3.0,0.0
Max Verstappen,Brazilian Grand Prix,2.0,0.0
Max Verstappen,Abu Dhabi Grand Prix,1.0,0.8769112086708931
Max Verstappen,Abu Dhabi Grand Prix,3.0,0.646312178056016
Max Verstappen,Abu Dhabi Grand Prix,2.0,0.782991253870322
Pierre Gasly,Bahrain Grand Prix,1.0,0.8579272043902191
Pierre Gasly,Bahrain Grand Prix,3.0,0.6076745856416069
Pierre Gasly,Bahrain Grand Prix,2.0,0.7535922550552507
Pierre Gasly,Saudi Arabian Grand Prix,1.0,0.7784110456256143
Pierre Gasly,Saudi Arabian Grand Prix,3.0,0.4739732490324857
Pierre Gasly,Saudi Arabian Grand Prix,2.0,0.6401729128099212
Pierre Gasly,Australian Grand Prix,1.0,0.831887312721985
Pierre Gasly,Australian Grand Prix,3.0,0.5593268789891574
Pierre Gasly,Australian Grand Prix,2.0,0.7147866437692264
Pierre Gasly,Emilia Romagna Grand Prix,1.0,0.34978979224886697
Pierre Gasly,Emilia Romagna Grand Prix,3.0,0.12125541160507369
Pierre Gasly,Emilia Romagna Grand Prix,2.0,0.21411802752551312
Pierre Gasly,Spanish Grand Prix,1.0,0.0041597202516127085
Pierre Gasly,Spanish Grand Prix,3.0,0.0010702728085908442
Pierre Gasly,Spanish Grand Prix,2.0,0.002111053342213398
Pierre Gasly,Monaco Grand Prix,1.0,0.8185890746626654
Pierre Gasly,Monaco Grand Prix,3.0,0.5364814690463848
Pierre Gasly,Monaco Grand Prix,2.0,0.6956146943044594
Pierre Gasly,Azerbaijan Grand Prix,1.0,0.9342270213030291
Pierre Gasly,Azerbaijan Grand Prix,3.0,0.7846340199658555
Pierre Gasly,Azerbaijan Grand Prix,2.0,0.8779538178354073
Pierre Gasly,Canadian Grand Prix,1.0,0.8026024240815448
Pierre Gasly,Canadian Grand Prix,3.0,0.5105004143376094
Pierre Gasly,Canadian Grand Prix,2.0,0.6731185134141362
Pierre Gasly,British Grand Prix,1.0,0.00021029660842109
Pierre Gasly,British Grand Prix,3.0,5.394923575230415e-05
Pierre Gasly,British Grand Prix,2.0,0.0001065172402457959
Pierre Gasly,Austrian Grand Prix,1.0,0.0
Pierre Gasly,Austrian Grand Prix,3.0,0.0
Pierre Gasly,Austrian Grand Prix,2.0,0.0
Pierre Gasly,French Grand Prix,1.0,1.3438139490062895e-12
Pierre Gasly,French Grand Prix,3.0,3.446132268436486e-13
Pierre Gasly,French Grand Prix,2.0,6.80566714095221e-13
Pierre Gasly,Hungarian Grand Prix,1.0,1.1691330603635919e-07
Pierre Gasly,Hungarian Grand Prix,3.0,2.9988110217260555e-08
Pierre Gasly,Hungarian Grand Prix,2.0,5.9211562986050126e-08
Pierre Gasly,Belgian Grand Prix,1.0,1.0984546605641299e-11
Pierre Gasly,Belgian Grand Prix,3.0,2.8175239918937223e-12
Pierre Gasly,Belgian Grand Prix,2.0,5.563105531791734e-12
Pierre Gasly,Dutch Grand Prix,1.0,0.8168216375436226
Pierre Gasly,Dutch Grand Prix,3.0,0.5335317498824272
Pierre Gasly,Dutch Grand Prix,2.0,0.6930983397058765
Pierre Gasly,Italian Grand Prix,1.0,0.00011474797982891083
Pierre Gasly,Italian Grand Prix,3.0,2.9435215545103866e-05
Pierre Gasly,Italian Grand Prix,2.0,5.811820650347688e-05
Pierre Gasly,Singapore Grand Prix,1.0,0.722371233170365
Pierre Gasly,Singapore Grand Prix,3.0,0.40026106209584367
Pierre Gasly,Singapore Grand Prix,2.0,0.5685501962573094
Pierre Gasly,Japanese Grand Prix,1.0,0.316195256728912
Pierre Gasly,Japanese Grand Prix,3.0,0.10603055518122839
Pierre Gasly,Japanese Grand Prix,2.0,0.1897510819014585
Pierre Gasly,United States Grand Prix,1.0,0.0001800545168624268
Pierre Gasly,United States Grand Prix,3.0,4.6189927678685905e-05
Pierre Gasly,United States Grand Prix,2.0,9.119797075407554e-05
Pierre Gasly,Mexico City Grand Prix,1.0,0.0
Pierre Gasly,Mexico City Grand Prix,3.0,0.0
Pierre Gasly,Mexico City Grand Prix,2.0,0.0
Pierre Gasly,Brazilian Grand Prix,1.0,0.0
Pierre Gasly,Brazilian Grand Prix,3.0,0.0
Pierre Gasly,Brazilian Grand Prix,2.0,0.0
Pierre Gasly,Abu Dhabi Grand Prix,1.0,0.8453798157577779
Pierre Gasly,Abu Dhabi Grand Prix,3.0,0.5837489701739074
Pierre Gasly,Abu Dhabi Grand Prix,2.0,0.7346800083107663
